    {
    
    "作者":"4K基地",
    
    "站名":"短剧网",
    
    "主页url":"https://m.duanju5.com/",
    
    "简介":"【4K基地】提醒您请勿相信影片中的广告，以免上当受骗！欢迎加入QQ交流群：726717271。+内详",
    
    "导演":"运输车/盒子/影视车/天下第一",
    
    "主演":"日后大佬/心动群管/二少群管/狐狸群管/佳能群管",
    
    "影片类型":"短剧",
    
    "影片地区":"未知",
    
    "影片年代":"未知",
    
    "线路数组":"data-dropdown-value=&&</div>",
    
    "线路标题":"4K基地接口+<span>&&</small>[替换:</span><small>>>共]+集",
    
    "数组":"module-item-pic\">&&module-item\">",
    
    "副标题":"module-item-text\"&&</div>",
    
    "分类url":"https://m.duanju5.com/vodshow/{cateId}--{by}------{catePg}---.html;;akx",
    
    "分类":"逆袭片库$nixi#甜宠片库$tianchong#虐恋片库$nuelian#穿越片库$chuanyue#重生片库$chongsheng"}
