    {
    
    "作者":"4K基地",
    
    "站名":"骚火影视",
    
    "主页url":"https://saohuo.vip/",
    
    "简介":"【4K基地】提醒您请勿相信影片中的广告，以免上当受骗！欢迎加入QQ交流群：726717271。+<p class=\"p_txt show_part\"&&</p>",
    
    "导演":"</h1><p>* / 导演：&& /",
    
    "主演":"主演：&&</p>",
    
    "影片地区":"</h1><p>&& / ",
    
    "影片年代":"<p>* / && /",
    
    "影片状态":"v_note\">&&</div>",
    
    "搜索url":"/search.php?searchword={wd}",
    
    "线路二次截取":"<ul class=\"from_list\">&&</ul>",
    
    "线路数组":"<li&&/li>",
    
    "线路标题":"🌸4K基地接口🌸+>&&<[替换:1号线路>>专线#2号线路>>备用]",
    
    "分类url":"https://saohuo.vip/search.php?page={catePg}&searchtype=5&order={by}&tid={cateId};;ak",
    
    "分类":"电影$1#电视剧$2#韩剧$22#美剧$22#综艺$3#动漫$4"}
